Name,VowelDur,ClosureDur,F1offset,F1steady,F2offset,F2steady,F3offset,F3steady,F4offset,F4steady,F5offset,F5steady,f0offset,f0steady,f0TransitionDur,F1TransitionDur,OtherFsTransitionDur,F1Closure,f0Closure,ClosureVoicingDur
aabf1,0.205,0.11043,700.05068999344,875.4989475798302,800,1150,1750,2400,3300,3300,3850,3850,173.65679314995398,175.389004573055,0.055,0.055,0.04,150,90,0.0562
aabf1,0.205,0.09496000000000002,591.5538230212156,905.8830271284766,800,1150,1750,2400,3300,3300,3850,3850,174.32718656016564,184.3899403851351,0.055,0.055,0.04,150,90,0.06731000000000001
aabf1,0.205,0.09768000000000002,480.2244639258779,872.271628559415,800,1150,1750,2400,3300,3300,3850,3850,171.73462099216255,181.62683100802838,0.055,0.055,0.04,150,90,0.09768000000000002
aabm1,0.205,0.13227,550.1385355539027,595.8048652408766,800,1150,1750,2400,3300,3300,3850,3850,105.71847139038374,109.30047055757764,0.055,0.055,0.04,150,90,0.06529000000000001
aabm1,0.205,0.12583,551.0143527470327,612.3679786445674,800,1150,1750,2400,3300,3300,3850,3850,105.0796899958685,111.51405445152851,0.055,0.055,0.04,150,90,0.12583
aabm1,0.205,0.13699,551.4822824935253,585.8228512779448,800,1150,1750,2400,3300,3300,3850,3850,99.91468636884369,103.72272338558837,0.055,0.055,0.04,150,90,0.13699
aabm2,0.205,0.12938,531.3482046827052,700.9902470648362,800,1150,1750,2400,3300,3300,3850,3850,113.68274191384401,105.49207529802585,0.055,0.055,0.04,150,90,0.12429000000000001
aabm2,0.205,0.11687000000000003,552.8837754558837,707.6082134132954,800,1150,1750,2400,3300,3300,3850,3850,96.51017606911753,107.55807275697379,0.055,0.055,0.04,150,90,0.05067000000000002
aabm2,0.205,0.13657999999999998,539.9203489307009,713.8444420389379,800,1150,1750,2400,3300,3300,3850,3850,99.30845247103748,103.7422578132312,0.055,0.055,0.04,150,90,0.13657999999999998
aadf1,0.205,0.08939999999999998,527.0790278010516,865.4558184469228,800,1150,1750,2400,3300,3300,3850,3850,167.4537839712116,178.1073598634105,0.055,0.055,0.04,150,90,0.05679000000000001
aadf1,0.205,0.08528999999999998,645.6391622600834,897.3535576377378,800,1150,1750,2400,3300,3300,3850,3850,174.8478693097554,183.19306175325036,0.055,0.055,0.04,150,90,0.07506999999999997
aadf1,0.205,0.07884,559.6903366663663,878.9575307673892,800,1150,1750,2400,3300,3300,3850,3850,173.0228661829717,177.73952491211205,0.055,0.055,0.04,150,90,0.057150000000000006
aadm1,0.205,0.10254999999999997,465.1627983267692,605.682251445641,800,1150,1750,2400,3300,3300,3850,3850,101.07608936762729,105.04205305544525,0.055,0.055,0.04,150,90,0.09570000000000001
aadm1,0.205,0.10369,532.1044377249744,617.5980248299595,800,1150,1750,2400,3300,3300,3850,3850,107.2783308444629,107.96049051157046,0.055,0.055,0.04,150,90,0.10476000000000002
aadm1,0.205,0.10949999999999999,459.08557321227926,594.5093344313975,800,1150,1750,2400,3300,3300,3850,3850,98.76908835576128,100.16400831810766,0.055,0.055,0.04,150,90,0.10089999999999999
aadm2,0.205,0.13452,565.3108274186519,699.7142865626105,800,1150,1750,2400,3300,3300,3850,3850,95.927399112966,104.47340937281751,0.055,0.055,0.04,150,90,0.06720000000000001
aadm2,0.205,0.14105,583.7292253317332,733.8489411907931,800,1150,1750,2400,3300,3300,3850,3850,101.92344342838736,109.99867240632918,0.055,0.055,0.04,150,90,0.08662999999999998
aadm2,0.205,0.17779999999999999,556.7066115776489,686.4604943734084,800,1150,1750,2400,3300,3300,3850,3850,95.92288610541496,105.17697584420634,0.055,0.055,0.04,150,90,0.09145
aagf1,0.205,0.06632000000000002,473.12030209396096,908.3770531510861,800,1150,1750,2400,3300,3300,3850,3850,177.5584833886197,183.18551564272084,0.055,0.055,0.04,150,90,0.02506
aagf1,0.205,0.07221000000000002,732.9958196716324,905.1400627234025,800,1150,1750,2400,3300,3300,3850,3850,177.88663701728237,183.9902135177838,0.055,0.055,0.04,150,90,0.024430000000000007
aagf1,0.205,0.06746000000000002,429.9504565332554,879.3859544796225,800,1150,1750,2400,3300,3300,3850,3850,178.8482493618239,183.0796608601301,0.055,0.055,0.04,150,90,0.026990000000000014
aagm1,0.205,0.10584000000000005,413.4221522553571,572.4716588531584,800,1150,1750,2400,3300,3300,3850,3850,102.57535698736537,104.26653108680942,0.055,0.055,0.04,150,90,0.10158
aagm1,0.205,0.11714000000000002,484.402752577022,615.3435882315738,800,1150,1750,2400,3300,3300,3850,3850,101.48334828476273,106.69576221420238,0.055,0.055,0.04,150,90,0.09037
aagm1,0.205,0.10692999999999997,370.9012226864528,590.5161046452764,800,1150,1750,2400,3300,3300,3850,3850,98.01219338878025,101.32587201000521,0.055,0.055,0.04,150,90,0.07327999999999996
aagm2,0.205,0.13051000000000001,431.40715698620966,705.9439714170958,800,1150,1750,2400,3300,3300,3850,3850,106.19418621751211,105.85683915485063,0.055,0.055,0.04,150,90,0.061840000000000006
aagm2,0.205,0.1548,641.936367992218,734.1879060067847,800,1150,1750,2400,3300,3300,3850,3850,107.81378268796341,108.86959208278336,0.055,0.055,0.04,150,90,0.10024
aagm2,0.205,0.16567,632.8050085618343,696.2923964477835,800,1150,1750,2400,3300,3300,3850,3850,102.60576666640324,105.6105323442806,0.055,0.055,0.04,150,90,0.10583000000000001
ahbf1,0.205,0.10469,502.8142144655195,772.602143543109,800,1150,1750,2400,3300,3300,3850,3850,169.9515922404053,174.17400144470304,0.055,0.055,0.04,150,90,0.08504
ahbf1,0.205,0.10122999999999999,643.2528770633827,821.8372658450874,800,1150,1750,2400,3300,3300,3850,3850,174.19372857110417,183.84088367975062,0.055,0.055,0.04,150,90,0.07780000000000001
ahbf1,0.205,0.10341000000000003,571.3276429180233,729.299706611091,800,1150,1750,2400,3300,3300,3850,3850,171.53960912635617,177.8615388299415,0.055,0.055,0.04,150,90,0.05484000000000003
ahbm1,0.205,0.14458,528.8361552060279,581.9975991354158,800,1150,1750,2400,3300,3300,3850,3850,108.10932850080616,113.0065747860561,0.055,0.055,0.04,150,90,0.14458
ahbm1,0.205,0.13809999999999997,495.1684642245871,592.7982659170592,800,1150,1750,2400,3300,3300,3850,3850,97.1512072777466,110.07685130351479,0.055,0.055,0.04,150,90,0.13809999999999997
ahbm1,0.205,0.15938999999999998,509.744176918529,571.4862269207359,800,1150,1750,2400,3300,3300,3850,3850,98.69212627383908,106.71413552333823,0.055,0.055,0.04,150,90,0.15809
ahbm2,0.205,0.12826,522.9773096218223,629.05296526401,800,1150,1750,2400,3300,3300,3850,3850,99.9473972353358,107.0041286637695,0.055,0.055,0.04,150,90,0.12694999999999998
ahbm2,0.205,0.14157999999999998,515.4506287588956,651.8994966367475,800,1150,1750,2400,3300,3300,3850,3850,107.49436037748737,109.92026905749721,0.055,0.055,0.04,150,90,0.14057999999999998
ahbm2,0.205,0.14105000000000004,500.10002331233943,610.0530910167423,800,1150,1750,2400,3300,3300,3850,3850,100.28842012202935,107.25370265482337,0.055,0.055,0.04,150,90,0.14021000000000003
ahdf1,0.205,0.09836999999999999,458.3925667743037,743.4454654411093,800,1150,1750,2400,3300,3300,3850,3850,167.05314846348878,176.08700092449595,0.055,0.055,0.04,150,90,0.04806000000000002
ahdf1,0.205,0.09908,463.893204248586,783.9216199653582,800,1150,1750,2400,3300,3300,3850,3850,172.67710777369598,183.04501469917253,0.055,0.055,0.04,150,90,0.07474999999999998
ahdf1,0.205,0.10780000000000003,461.51182118338374,765.986843564741,800,1150,1750,2400,3300,3300,3850,3850,167.8738961974629,178.7122309441134,0.055,0.055,0.04,150,90,0.07820000000000002
ahdm1,0.205,0.13807999999999998,471.33461727518386,600.6326996927477,800,1150,1750,2400,3300,3300,3850,3850,104.83724018268589,107.4903296997535,0.055,0.055,0.04,150,90,0.13584000000000002
ahdm1,0.205,0.14488,384.08154564177175,553.9520051290165,800,1150,1750,2400,3300,3300,3850,3850,97.97758898807805,103.04438667595579,0.055,0.055,0.04,150,90,0.14173000000000002
ahdm2,0.205,0.14689,375.3467343069188,607.9047008361888,800,1150,1750,2400,3300,3300,3850,3850,96.52512924035022,105.65162451215588,0.055,0.055,0.04,150,90,0.09709000000000004
ahdm2,0.205,0.13606000000000001,384.4123465553758,632.4824428185067,800,1150,1750,2400,3300,3300,3850,3850,96.88069882739418,107.79500758142169,0.055,0.055,0.04,150,90,0.09351000000000004
ahdm2,0.205,0.20557,389.81699363633277,578.9149254791273,800,1150,1750,2400,3300,3300,3850,3850,94.52492942348785,102.2418949350617,0.055,0.055,0.04,150,90,0.13908
ahgf1,0.205,0.08734999999999998,432.60086234657433,746.865673925769,800,1150,1750,2400,3300,3300,3850,3850,86.20306573657906,90.27295888652704,0.055,0.055,0.04,150,90,0.06951000000000002
ahgf1,0.205,0.08343,461.2325366028813,780.9922905095646,800,1150,1750,2400,3300,3300,3850,3850,176.9374188707087,184.11432579059536,0.055,0.055,0.04,150,90,0.04272999999999999
ahgf1,0.205,0.09151000000000004,427.28635253350416,791.3247194021479,800,1150,1750,2400,3300,3300,3850,3850,173.88851872260878,178.9845694790793,0.055,0.055,0.04,150,90,0.04779
ahgm1,0.205,0.12709000000000004,386.2666102457247,584.4774066891048,800,1150,1750,2400,3300,3300,3850,3850,104.77402428102178,109.08431313781271,0.055,0.055,0.04,150,90,0.10953000000000002
ahgm1,0.205,0.13942,414.38970590572933,599.6580887795878,800,1150,1750,2400,3300,3300,3850,3850,105.99233940861617,109.3419768260715,0.055,0.055,0.04,150,90,0.11507
ahgm1,0.205,0.14292,358.53039438249306,556.4888202770532,800,1150,1750,2400,3300,3300,3850,3850,99.81677140139924,104.40619911818965,0.055,0.055,0.04,150,90,0.13540000000000002
ahgm2,0.205,0.16449,384.00046362933705,564.6390097190791,800,1150,1750,2400,3300,3300,3850,3850,103.53810247388971,103.77134072948952,0.055,0.055,0.04,150,90,0.15719999999999998
ahgm2,0.205,0.20142,372.73979521593947,594.6845221678141,800,1150,1750,2400,3300,3300,3850,3850,106.88321142908917,108.66781851113531,0.055,0.055,0.04,150,90,0.18268
ahgm2,0.205,0.18158,399.51679263012244,601.1371926274553,800,1150,1750,2400,3300,3300,3850,3850,104.81170033888803,108.05425399012023,0.055,0.055,0.04,150,90,0.16488
ehbf1,0.205,0.09407000000000001,432.963949710455,559.8280015770595,800,1150,1750,2400,3300,3300,3850,3850,168.17771627078463,180.81895303496475,0.055,0.055,0.04,150,90,0.043039999999999995
ehbf1,0.205,0.10835999999999998,491.11858459597585,573.7666742030984,800,1150,1750,2400,3300,3300,3850,3850,182.3744408625652,187.66199088609605,0.055,0.055,0.04,150,90,0.10750000000000001
ehbf1,0.205,0.07965,410.4066608270608,515.9194510592012,800,1150,1750,2400,3300,3300,3850,3850,172.5248265425069,163.54897514637705,0.055,0.055,0.04,150,90,0.06495999999999999
ehbm1,0.205,0.11646000000000001,438.44080150519875,507.8036714740317,800,1150,1750,2400,3300,3300,3850,3850,104.92078379349279,115.2898176925906,0.055,0.055,0.04,150,90,0.11646000000000001
ehbm1,0.205,0.11462,465.3012167853249,502.1124268701384,800,1150,1750,2400,3300,3300,3850,3850,107.85099917350998,116.88909359024512,0.055,0.055,0.04,150,90,0.11462
ehbm1,0.205,0.13304,460.8352902987958,474.25568301773205,800,1150,1750,2400,3300,3300,3850,3850,101.38263544369441,106.2349591972659,0.055,0.055,0.04,150,90,0.13304
ehbm2,0.205,0.1487,563.4869395268587,563.1644009080503,800,1150,1750,2400,3300,3300,3850,3850,101.92340244863023,112.00447795480848,0.055,0.055,0.04,150,90,0.1487
ehbm2,0.205,0.12390999999999999,487.01030117988887,571.3509520706549,800,1150,1750,2400,3300,3300,3850,3850,101.89963485291189,112.31894963925394,0.055,0.055,0.04,150,90,0.12378999999999998
ehbm2,0.205,0.14175000000000001,486.1930587058622,555.5967144025033,800,1150,1750,2400,3300,3300,3850,3850,103.87841003406987,109.74963456234913,0.055,0.055,0.04,150,90,0.14175000000000001
ehdf1,0.205,0.09706999999999999,458.29849888823543,556.7301821318125,800,1150,1750,2400,3300,3300,3850,3850,170.94264516901714,171.39998509802578,0.055,0.055,0.04,150,90,0.06344
ehdf1,0.205,0.10614000000000001,467.4984111598865,546.1781390163245,800,1150,1750,2400,3300,3300,3850,3850,170.7424686541836,179.82075078320602,0.055,0.055,0.04,150,90,0.08173
ehdf1,0.205,0.10277,472.9749566862187,564.3273174570654,800,1150,1750,2400,3300,3300,3850,3850,172.8067851787666,184.4182782336909,0.055,0.055,0.04,150,90,0.07743
ehdm1,0.205,0.12369000000000002,400.3149760328788,454.8324533795817,800,1150,1750,2400,3300,3300,3850,3850,104.13031364904975,111.06289138257762,0.055,0.055,0.04,150,90,0.12369000000000002
ehdm1,0.205,0.10694999999999999,395.30286935381844,487.39373047138537,800,1150,1750,2400,3300,3300,3850,3850,104.6805300247641,112.87341806299982,0.055,0.055,0.04,150,90,0.10694999999999999
ehdm2,0.205,0.14941,420.83836785437035,572.2097847614131,800,1150,1750,2400,3300,3300,3850,3850,95.9013197619466,105.93064523103453,0.055,0.055,0.04,150,90,0.09472999999999998
ehdm2,0.205,0.16599,480.76648698898214,585.3719566161659,800,1150,1750,2400,3300,3300,3850,3850,106.59679415458035,108.69958175683537,0.055,0.055,0.04,150,90,0.1399
ehdm2,0.205,0.16562999999999997,449.84382066327606,548.1993654307514,800,1150,1750,2400,3300,3300,3850,3850,102.38016369961082,107.3079251680517,0.055,0.055,0.04,150,90,0.1272
ehgf1,0.205,0.10481000000000001,464.0150786728531,563.6020681285124,800,1150,1750,2400,3300,3300,3850,3850,172.6144691813321,178.0954515014126,0.055,0.055,0.04,150,90,0.025859999999999994
ehgf1,0.205,0.11425000000000002,349.92855223854264,542.5211336382047,800,1150,1750,2400,3300,3300,3850,3850,177.5521119768557,187.5769332547124,0.055,0.055,0.04,150,90,0.04078999999999999
ehgf1,0.205,0.10413999999999998,408.7819376154753,528.1679059480938,800,1150,1750,2400,3300,3300,3850,3850,169.1520176107366,177.6934331160759,0.055,0.055,0.04,150,90,0.012890000000000013
ehgm1,0.205,0.10777999999999999,344.1047617574613,474.9672106881242,800,1150,1750,2400,3300,3300,3850,3850,100.61293953187109,106.93569899328035,0.055,0.055,0.04,150,90,0.10777999999999999
ehgm1,0.205,0.09954000000000002,387.21590421054145,501.8591853220658,800,1150,1750,2400,3300,3300,3850,3850,106.0675146361063,113.06829065950258,0.055,0.055,0.04,150,90,0.09954000000000002
ehgm1,0.205,0.11192000000000002,344.22217211599184,460.6086850711496,800,1150,1750,2400,3300,3300,3850,3850,99.56793242354253,105.58164450065141,0.055,0.055,0.04,150,90,0.11192000000000002
ehgm2,0.205,0.12979000000000002,265.5156802852331,501.9316358924826,800,1150,1750,2400,3300,3300,3850,3850,100.54137972290442,103.20507646883661,0.055,0.055,0.04,150,90,0.11979000000000001
ehgm2,0.205,0.15195,363.25127167038016,564.9704895611621,800,1150,1750,2400,3300,3300,3850,3850,105.58524190266697,107.77620575124058,0.055,0.055,0.04,150,90,0.15195
ehgm2,0.205,0.15869,359.1759359463365,559.5577444479118,800,1150,1750,2400,3300,3300,3850,3850,102.88197049654181,104.52975128318981,0.055,0.055,0.04,150,90,0.15156999999999998
iybf1,0.205,0.08549000000000001,302.9862953989142,330.4361276359433,800,1150,1750,2400,3300,3300,3850,3850,187.85116194733746,202.97121500212003,0.055,0.055,0.04,150,90,0.03534999999999999
iybf1,0.205,0.08376000000000003,306.7926203397283,333.87712995814275,800,1150,1750,2400,3300,3300,3850,3850,180.95243897729225,194.09689449006606,0.055,0.055,0.04,150,90,0.04139000000000001
iybm1,0.205,0.10104000000000002,251.21852082341832,273.93314884596373,800,1150,1750,2400,3300,3300,3850,3850,110.7547744466162,118.0115173285619,0.055,0.055,0.04,150,90,0.10104000000000002
iybm1,0.205,0.09563999999999998,277.6493580265676,307.08247291441677,800,1150,1750,2400,3300,3300,3850,3850,110.83358720375146,120.30317644673164,0.055,0.055,0.04,150,90,0.09563999999999998
iybm1,0.205,0.10848000000000002,246.45253022960077,253.5633435411477,800,1150,1750,2400,3300,3300,3850,3850,106.89152203569708,111.4382606732566,0.055,0.055,0.04,150,90,0.10848000000000002
iybm2,0.205,0.12003999999999998,236.27233346595804,242.55876305053607,800,1150,1750,2400,3300,3300,3850,3850,105.4384296438527,111.11057336134657,0.055,0.055,0.04,150,90,0.12003999999999998
iybm2,0.205,0.11537,245.66431813731347,253.889472637562,800,1150,1750,2400,3300,3300,3850,3850,110.0345090433444,120.73771600067367,0.055,0.055,0.04,150,90,0.11549000000000001
iybm2,0.205,0.10882999999999998,241.41012567721287,246.1747426565248,800,1150,1750,2400,3300,3300,3850,3850,106.26348903081944,114.04720084555335,0.055,0.055,0.04,150,90,0.10882999999999998
iydf1,0.205,0.08140000000000003,314.21845194330643,317.40565450415465,800,1150,1750,2400,3300,3300,3850,3850,185.46848636056964,192.7043714535778,0.055,0.055,0.04,150,90,0.04124
iydf1,0.205,0.07601000000000002,326.45682678767895,318.38418362224854,800,1150,1750,2400,3300,3300,3850,3850,195.55692282311134,199.90980814392583,0.055,0.055,0.04,150,90,0.04635
iydf1,0.205,0.07993,295.6134960512743,329.97450971126864,800,1150,1750,2400,3300,3300,3850,3850,184.7694087509498,194.18744101626103,0.055,0.055,0.04,150,90,0.039959999999999996
iydm1,0.205,0.11953999999999998,247.41199869741072,265.3554333089536,800,1150,1750,2400,3300,3300,3850,3850,110.75252230816221,121.55517639602503,0.055,0.055,0.04,150,90,0.10813999999999996
iydm1,0.205,0.10552000000000003,261.18513357137624,278.0903610161639,800,1150,1750,2400,3300,3300,3850,3850,109.20187804576355,120.99722070794368,0.055,0.055,0.04,150,90,0.10552000000000003
iydm1,0.205,0.10918,240.0139187467517,258.3059382396442,800,1150,1750,2400,3300,3300,3850,3850,102.70569759988655,113.88141025035159,0.055,0.055,0.04,150,90,0.10918
iydm2,0.205,0.12965000000000004,238.72044528499111,247.40809964603048,800,1150,1750,2400,3300,3300,3850,3850,105.2156012198198,115.78539426512627,0.055,0.055,0.04,150,90,0.11567000000000005
iydm2,0.205,0.11023000000000002,235.49538565667183,253.5562115413835,800,1150,1750,2400,3300,3300,3850,3850,106.09560371867494,117.4483714086382,0.055,0.055,0.04,150,90,0.11023000000000002
iydm2,0.205,0.09945000000000001,229.04933622819163,245.6542716874336,800,1150,1750,2400,3300,3300,3850,3850,103.57444022251047,110.24539125959949,0.055,0.055,0.04,150,90,0.08115000000000003
iygf1,0.205,0.07630999999999999,326.8310406663118,341.6533653803739,800,1150,1750,2400,3300,3300,3850,3850,179.18276334317625,194.51841602135613,0.055,0.055,0.04,150,90,0.03310999999999997
iygf1,0.205,0.05471000000000001,353.0958418245921,342.7811964417332,800,1150,1750,2400,3300,3300,3850,3850,184.56919131053195,202.60860128757275,0.055,0.055,0.04,150,90,0.02324000000000001
iygf1,0.205,0.07723000000000002,327.3324077831785,348.58039731503527,800,1150,1750,2400,3300,3300,3850,3850,182.186365237758,192.0606640573635,0.055,0.055,0.04,150,90,0.021189999999999987
iygm1,0.205,0.10838999999999999,252.67535632766248,262.12137700839014,800,1150,1750,2400,3300,3300,3850,3850,117.92147690753082,121.0630600934564,0.055,0.055,0.04,150,90,0.10838999999999999
iygm1,0.205,0.09599000000000002,258.9333613443655,279.60513908693923,800,1150,1750,2400,3300,3300,3850,3850,109.15767129763272,119.91376850801339,0.055,0.055,0.04,150,90,0.09599000000000002
iygm1,0.205,0.07707999999999998,246.1590113674234,256.7819618432241,800,1150,1750,2400,3300,3300,3850,3850,111.3124545092452,118.93493973744461,0.055,0.055,0.04,150,90,0.07707999999999998
iygm2,0.205,0.11488999999999999,234.45700238356227,249.61845304308238,800,1150,1750,2400,3300,3300,3850,3850,106.90524375156028,119.95178098109132,0.055,0.055,0.04,150,90,0.11488999999999999
iygm2,0.205,0.14442999999999998,235.30360222437736,249.17990472296063,800,1150,1750,2400,3300,3300,3850,3850,110.24714200952624,112.8347962098039,0.055,0.055,0.04,150,90,0.14442999999999998
iygm2,0.205,0.14005,229.78957988431833,243.42841015925532,800,1150,1750,2400,3300,3300,3850,3850,106.65345469227135,113.20143903793465,0.055,0.055,0.04,150,90,0.14005
owbf1,0.205,0.09962000000000004,381.040586566372,489.73040519501984,800,1150,1750,2400,3300,3300,3850,3850,172.86862052704217,179.48358725942853,0.055,0.055,0.04,150,90,0.03956000000000004
owbf1,0.205,0.09500999999999998,431.0004122013547,526.4665466061264,800,1150,1750,2400,3300,3300,3850,3850,174.35118826707884,181.94778755006956,0.055,0.055,0.04,150,90,0.035239999999999994
owbf1,0.205,0.07866000000000004,367.22295762061,471.9786739439252,800,1150,1750,2400,3300,3300,3850,3850,166.51420091116327,175.12051171617756,0.055,0.055,0.04,150,90,0.03277000000000002
owbm1,0.205,0.10672999999999999,430.75523387458736,498.78955639284214,800,1150,1750,2400,3300,3300,3850,3850,109.78872484624377,116.10638244496866,0.055,0.055,0.04,150,90,0.10672999999999999
owbm1,0.205,0.13877,456.73447686348817,488.4716445091297,800,1150,1750,2400,3300,3300,3850,3850,112.32302159380282,116.6599199838405,0.055,0.055,0.04,150,90,0.13102999999999998
owbm1,0.205,0.12677,436.4821343730624,475.4672759577803,800,1150,1750,2400,3300,3300,3850,3850,103.1925570771671,109.10185597068296,0.055,0.055,0.04,150,90,0.12677
owbm2,0.205,0.11515000000000003,336.67440449982126,457.20259244173087,800,1150,1750,2400,3300,3300,3850,3850,96.36289543172965,105.65840227932914,0.055,0.055,0.04,150,90,0.11515000000000003
owbm2,0.205,0.11186000000000001,282.4425948042784,497.2269146636472,800,1150,1750,2400,3300,3300,3850,3850,100.3066758669302,109.50311045630478,0.055,0.055,0.04,150,90,0.11186000000000001
owbm2,0.205,0.11996999999999997,330.54252525538277,457.5593139840329,800,1150,1750,2400,3300,3300,3850,3850,97.91736203444937,105.93040482054573,0.055,0.055,0.04,150,90,0.11996999999999997
owdf1,0.205,0.08882000000000001,356.53010628584735,478.1089885636856,800,1150,1750,2400,3300,3300,3850,3850,178.05968907334997,163.10826479437384,0.055,0.055,0.04,150,90,0.03398999999999999
owdf1,0.205,0.07088,370.4878309250884,496.30372801893964,800,1150,1750,2400,3300,3300,3850,3850,179.7206745940022,182.50283097408598,0.055,0.055,0.04,150,90,0.0413
owdf1,0.205,0.06748000000000001,356.2310731545539,436.467519265236,800,1150,1750,2400,3300,3300,3850,3850,173.44689241590552,179.28678681813003,0.055,0.055,0.04,150,90,0.036610000000000004
owdm1,0.205,0.10677999999999999,321.45430842728587,436.2856230413135,800,1150,1750,2400,3300,3300,3850,3850,107.19332596408707,107.67834178518477,0.055,0.055,0.04,150,90,0.10677999999999999
owdm1,0.205,0.07849999999999999,330.6456992443955,447.94882380911645,800,1150,1750,2400,3300,3300,3850,3850,107.90142830878602,112.3699742532258,0.055,0.055,0.04,150,90,0.07849999999999999
owdm1,0.205,0.08350999999999997,319.04816986922884,423.8686645310655,800,1150,1750,2400,3300,3300,3850,3850,104.71809334054115,105.31423806302618,0.055,0.055,0.04,150,90,0.08350999999999997
owdm2,0.205,0.12542999999999999,289.168284091195,432.13791172509366,800,1150,1750,2400,3300,3300,3850,3850,100.16162735794954,107.73183872956898,0.055,0.055,0.04,150,90,0.05375000000000002
owdm2,0.205,0.11302000000000001,316.44732361334985,451.82436679710406,800,1150,1750,2400,3300,3300,3850,3850,105.38174043090474,112.0751137461477,0.055,0.055,0.04,150,90,0.06871
owdm2,0.205,0.11873,319.85118101078467,445.51692653293287,800,1150,1750,2400,3300,3300,3850,3850,101.73317377423139,105.41219123693496,0.055,0.055,0.04,150,90,0.06785000000000002
owgf1,0.205,0.07264000000000001,358.40730394435957,475.8512061589054,800,1150,1750,2400,3300,3300,3850,3850,181.44147280214233,184.63001801901567,0.055,0.055,0.04,150,90,0.03551999999999997
owgf1,0.205,0.05623000000000003,370.4903568538814,468.0806896029034,800,1150,1750,2400,3300,3300,3850,3850,183.07331984822596,185.93680316889163,0.055,0.055,0.04,150,90,0.03309000000000001
owgf1,0.205,0.059099999999999986,303.8490461438121,452.58652098833096,800,1150,1750,2400,3300,3300,3850,3850,174.11757278983305,180.664820550925,0.055,0.055,0.04,150,90,0.027059999999999973
owgm1,0.205,0.08966000000000002,281.4968649663397,471.9739927794582,800,1150,1750,2400,3300,3300,3850,3850,105.47991434651567,110.51893392219287,0.055,0.055,0.04,150,90,0.07002000000000003
owgm1,0.205,0.11100000000000002,346.5389925529752,453.31782577169184,800,1150,1750,2400,3300,3300,3850,3850,107.53294975785042,108.2785624077841,0.055,0.055,0.04,150,90,0.08898999999999999
owgm1,0.205,0.10699000000000003,325.9857707138282,439.90536260333494,800,1150,1750,2400,3300,3300,3850,3850,103.39611370087721,103.77196324383893,0.055,0.055,0.04,150,90,0.08729000000000003
owgm2,0.205,0.13608000000000003,346.3821810580429,433.99122268121226,800,1150,1750,2400,3300,3300,3850,3850,100.24086546836801,105.24942170686877,0.055,0.055,0.04,150,90,0.05969000000000002
owgm2,0.205,0.12116000000000002,299.33174830059784,450.13704631890664,800,1150,1750,2400,3300,3300,3850,3850,103.26907320558047,107.12235167404837,0.055,0.055,0.04,150,90,0.051210000000000006
owgm2,0.205,0.13241999999999998,273.76100120484375,477.11274482355327,800,1150,1750,2400,3300,3300,3850,3850,99.06708378999707,103.70382677939429,0.055,0.055,0.04,150,90,0.05625000000000002
uwbf1,0.205,0.07271,321.69288072301663,353.9097790921647,800,1150,1750,2400,3300,3300,3850,3850,178.18843077321944,175.8084874873794,0.055,0.055,0.04,150,90,0.03858
uwbf1,0.205,0.07668999999999998,315.3644002898408,370.9654250010597,800,1150,1750,2400,3300,3300,3850,3850,178.29490709454322,190.11516619230017,0.055,0.055,0.04,150,90,0.027969999999999995
uwbf1,0.205,0.0874,331.4000954472431,354.56762083785287,800,1150,1750,2400,3300,3300,3850,3850,171.5877053627728,178.8960453237333,0.055,0.055,0.04,150,90,0.035629999999999995
uwbm1,0.205,0.09673000000000001,210.2722154481079,306.4998292744439,800,1150,1750,2400,3300,3300,3850,3850,97.68630900221216,109.92447942685423,0.055,0.055,0.04,150,90,0.09673000000000001
uwbm1,0.205,0.11096,282.5743044556021,308.0415049316302,800,1150,1750,2400,3300,3300,3850,3850,103.36149483358386,116.26060876452473,0.055,0.055,0.04,150,90,0.11096
uwbm1,0.205,0.12409000000000003,279.27061672035865,317.06128453875584,800,1150,1750,2400,3300,3300,3850,3850,98.11033145689443,112.69160146267406,0.055,0.055,0.04,150,90,0.12409000000000003
uwbm2,0.205,0.12446000000000002,235.85069998204207,269.9241611882168,800,1150,1750,2400,3300,3300,3850,3850,98.56543628479838,110.0643907744506,0.055,0.055,0.04,150,90,0.06552000000000002
uwbm2,0.205,0.11466000000000004,237.5712045852143,304.0693811757322,800,1150,1750,2400,3300,3300,3850,3850,100.36842946284402,112.87916597399173,0.055,0.055,0.04,150,90,0.11466000000000004
uwbm2,0.205,0.11386000000000002,215.16971207010207,281.7343013381624,800,1150,1750,2400,3300,3300,3850,3850,96.94213830401537,108.73184785622755,0.055,0.055,0.04,150,90,0.05341000000000001
uwdf1,0.205,0.06650999999999999,311.82479929888416,318.52683331510764,800,1150,1750,2400,3300,3300,3850,3850,178.65596645468156,186.40869027231545,0.055,0.055,0.04,150,90,0.04212999999999997
uwdf1,0.205,0.08849999999999997,364.0357445798692,348.7360306726039,800,1150,1750,2400,3300,3300,3850,3850,188.39116779683437,189.8328752800475,0.055,0.055,0.04,150,90,0.04138999999999998
uwdf1,0.205,0.06740000000000002,329.08471764520993,336.944176151797,800,1150,1750,2400,3300,3300,3850,3850,172.2020245724339,182.97537773428553,0.055,0.055,0.04,150,90,0.0358
uwdm1,0.205,0.11701,244.162438452135,291.47962284391787,800,1150,1750,2400,3300,3300,3850,3850,100.9460799838797,107.51716274411973,0.055,0.055,0.04,150,90,0.11037999999999998
uwdm1,0.205,0.10493999999999998,245.4285893183032,294.5134586708645,800,1150,1750,2400,3300,3300,3850,3850,101.20777465928165,109.64985810100349,0.055,0.055,0.04,150,90,0.10148000000000001
uwdm1,0.205,0.10185999999999998,252.05479317207335,307.5400956731177,800,1150,1750,2400,3300,3300,3850,3850,105.10420244579177,113.83268185969318,0.055,0.055,0.04,150,90,0.10185999999999998
uwdm2,0.205,0.16571999999999998,255.57430039476625,276.48413872617573,800,1150,1750,2400,3300,3300,3850,3850,104.69581695026226,115.52655392130977,0.055,0.055,0.04,150,90,0.08816999999999997
uwdm2,0.205,0.13394,247.87277018346433,274.84030506629426,800,1150,1750,2400,3300,3300,3850,3850,108.32293011926788,115.64512259616555,0.055,0.055,0.04,150,90,0.08496999999999999
uwdm2,0.205,0.16459000000000001,235.08019552598807,286.2900163173754,800,1150,1750,2400,3300,3300,3850,3850,103.06124850461495,110.92641473148323,0.055,0.055,0.04,150,90,0.08283000000000001
uwgf1,0.205,0.09014000000000003,317.0442988960333,351.66218230724076,800,1150,1750,2400,3300,3300,3850,3850,173.56075696788054,185.0509526101353,0.055,0.055,0.04,150,90,0.02310000000000001
uwgf1,0.205,0.09419999999999998,347.61580415253945,372.1063085980336,800,1150,1750,2400,3300,3300,3850,3850,177.78662225883173,188.26094263311842,0.055,0.055,0.04,150,90,0.023820000000000008
uwgf1,0.205,0.07092000000000004,308.4017648879949,358.32104535079236,800,1150,1750,2400,3300,3300,3850,3850,169.38675643965092,182.76222846859662,0.055,0.055,0.04,150,90,0.02421000000000001
uwgm1,0.205,0.10159999999999997,245.87206842470053,271.9328436991631,800,1150,1750,2400,3300,3300,3850,3850,102.34073205843374,110.09482573875633,0.055,0.055,0.04,150,90,0.10159999999999997
uwgm1,0.205,0.10377000000000003,244.33578804136454,274.7010922751833,800,1150,1750,2400,3300,3300,3850,3850,98.76951596269137,106.97779919127933,0.055,0.055,0.04,150,90,0.10377000000000003
uwgm1,0.205,0.11012999999999998,257.01833851636394,283.13501348301276,800,1150,1750,2400,3300,3300,3850,3850,105.17471588851875,111.28581680980152,0.055,0.055,0.04,150,90,0.11012999999999998
uwgm2,0.205,0.13659000000000002,186.6916569483666,316.98318315538893,800,1150,1750,2400,3300,3300,3850,3850,99.08568587717626,108.7071658781529,0.055,0.055,0.04,150,90,0.05606999999999998
uwgm2,0.205,0.10775999999999997,216.2543161971999,300.4993675567033,800,1150,1750,2400,3300,3300,3850,3850,104.17694473724099,113.17791459921129,0.055,0.055,0.04,150,90,0.08915000000000001
uwgm2,0.205,0.14118999999999998,192.99657004573305,305.00812006010926,800,1150,1750,2400,3300,3300,3850,3850,100.30360925298265,110.99072660871848,0.055,0.055,0.04,150,90,0.07363999999999998
aakf1,0.205,0.07650000000000001,1039.9389917412832,980.058886288999,800,1150,1750,2400,3300,3300,3850,3850,185.9609090681421,185.2934259737321,0.055,0.055,0.04,150,90,0
aakf1,0.205,0.09387000000000001,873.7775334230082,999.4713459347507,800,1150,1750,2400,3300,3300,3850,3850,185.52882609480613,189.0913890699745,0.055,0.055,0.04,150,90,0
aakf1,0.205,0.09551000000000001,858.5209949482504,963.3499515159284,800,1150,1750,2400,3300,3300,3850,3850,181.29528523491675,184.668907481738,0.055,0.055,0.04,150,90,0
aakm1,0.205,0.11742000000000002,507.8329139783593,628.2586557291241,800,1150,1750,2400,3300,3300,3850,3850,104.23352298820778,109.94433548560595,0.055,0.055,0.04,150,90,0.03929000000000002
aakm1,0.205,0.11947000000000002,534.3538837228556,670.524693320565,800,1150,1750,2400,3300,3300,3850,3850,106.06967833984801,111.17576938932416,0.055,0.055,0.04,150,90,0.021629999999999983
aakm1,0.205,0.12459,501.44864304223745,617.6723590314498,800,1150,1750,2400,3300,3300,3850,3850,101.3672525955286,106.33372401164591,0.055,0.055,0.04,150,90,0.031539999999999985
aakm2,0.205,0.08595999999999998,748.0763831175108,663.8858414225541,800,1150,1750,2400,3300,3300,3850,3850,97.94390102989645,103.38646049858819,0.055,0.055,0.04,150,90,0.03337000000000001
aakm2,0.205,0.10008000000000003,624.520364887436,709.9430333618849,800,1150,1750,2400,3300,3300,3850,3850,99.17791991845186,109.17111817781442,0.055,0.055,0.04,150,90,0.024919999999999998
aakm2,0.205,0.12924999999999998,626.7309473309995,690.7143227058577,800,1150,1750,2400,3300,3300,3850,3850,96.60686691193838,106.13111517748226,0.055,0.055,0.04,150,90,0.020589999999999997
aapf1,0.205,0.09590999999999997,620.7169918162716,937.6936726532167,800,1150,1750,2400,3300,3300,3850,3850,185.33565544149525,188.2853397664341,0.055,0.055,0.04,150,90,0.00716
aapf1,0.205,0.09192,723.8261406062101,958.0004685563196,800,1150,1750,2400,3300,3300,3850,3850,186.52917460251874,190.19351427134976,0.055,0.055,0.04,150,90,0
aapf1,0.205,0.1071,660.4285531690684,921.0388662707692,800,1150,1750,2400,3300,3300,3850,3850,180.22398729615955,186.06786156011256,0.055,0.055,0.04,150,90,0
aapm1,0.205,0.11812999999999999,589.7617225926674,659.5184682748774,800,1150,1750,2400,3300,3300,3850,3850,109.7009110950815,115.5341462877135,0.055,0.055,0.04,150,90,0.008640000000000009
aapm1,0.205,0.10891999999999999,572.7706588654928,643.1454061325892,800,1150,1750,2400,3300,3300,3850,3850,112.3887223108881,117.69986114014183,0.055,0.055,0.04,150,90,0
aapm1,0.205,0.11345,528.8509592915709,622.6343003612682,800,1150,1750,2400,3300,3300,3850,3850,103.67097819950432,109.12126399344416,0.055,0.055,0.04,150,90,0.028400000000000036
aapm2,0.205,0.11443,580.1285187405111,709.8593878537832,800,1150,1750,2400,3300,3300,3850,3850,110.51570488624108,100.53716831039847,0.055,0.055,0.04,150,90,0
aapm2,0.205,0.12420000000000003,646.4078129141557,728.7518199255915,800,1150,1750,2400,3300,3300,3850,3850,105.08218259176292,109.43836647212214,0.055,0.055,0.04,150,90,0
aapm2,0.205,0.11653999999999998,562.707872269971,718.2763210520856,800,1150,1750,2400,3300,3300,3850,3850,101.35842951575715,104.95128339766097,0.055,0.055,0.04,150,90,0
aatf1,0.205,0.09590999999999997,752.0617824003347,942.9852260939429,800,1150,1750,2400,3300,3300,3850,3850,183.83288642885395,186.44538039393578,0.055,0.055,0.04,150,90,0
aatf1,0.205,0.09507000000000002,656.151490309355,447.3602042473801,800,1150,1750,2400,3300,3300,3850,3850,191.41796888452518,194.02286883012988,0.055,0.055,0.04,150,90,0
aatf1,0.205,0.09817000000000001,624.9703677224462,738.8941992815863,800,1150,1750,2400,3300,3300,3850,3850,188.5096237194873,188.93046848043534,0.055,0.055,0.04,150,90,0
aatm1,0.205,0.08782999999999999,444.58108608957826,649.4460938149749,800,1150,1750,2400,3300,3300,3850,3850,103.08307488536909,106.14914340139784,0.055,0.055,0.04,150,90,0.0305
aatm1,0.205,0.09564000000000003,527.4550104545748,653.3320797790301,800,1150,1750,2400,3300,3300,3850,3850,108.03276340669652,112.73415368151839,0.055,0.055,0.04,150,90,0
aatm1,0.205,0.08621000000000001,433.3681499298877,601.3538573230653,800,1150,1750,2400,3300,3300,3850,3850,102.33527816554552,109.08979028979498,0.055,0.055,0.04,150,90,0.019540000000000002
aatm2,0.205,0.11210999999999999,512.5288020320304,719.2858320420747,800,1150,1750,2400,3300,3300,3850,3850,94.33001088900689,108.842381171501,0.055,0.055,0.04,150,90,0.011769999999999975
aatm2,0.205,0.11893000000000001,618.4378338865106,720.0114020771493,800,1150,1750,2400,3300,3300,3850,3850,98.03989368398018,107.77106713441036,0.055,0.055,0.04,150,90,0.01924999999999996
aatm2,0.205,0.11494000000000001,607.8919549388046,682.1654702498164,800,1150,1750,2400,3300,3300,3850,3850,95.45860814410689,104.75927856176823,0.055,0.055,0.04,150,90,0.02778
ahkf1,0.205,0.10114000000000001,723.984128103422,759.8940716212874,800,1150,1750,2400,3300,3300,3850,3850,178.78922945272748,182.4288628252227,0.055,0.055,0.04,150,90,0
ahkf1,0.205,0.09534,584.4592096093768,784.56825382046,800,1150,1750,2400,3300,3300,3850,3850,187.6339579694209,178.81867227682133,0.055,0.055,0.04,150,90,0
ahkf1,0.205,0.09666,492.17572167588844,702.242712458965,800,1150,1750,2400,3300,3300,3850,3850,180.69401513782685,182.95733431447428,0.055,0.055,0.04,150,90,0.007820000000000021
ahkm1,0.205,0.13032,469.7442539506056,588.6629553447236,800,1150,1750,2400,3300,3300,3850,3850,106.74786482122859,112.31274715856361,0.055,0.055,0.04,150,90,0
ahkm1,0.205,0.13864,508.43034311352113,606.350507187264,800,1150,1750,2400,3300,3300,3850,3850,112.36390827562504,113.96321838636707,0.055,0.055,0.04,150,90,0
ahkm1,0.205,0.14067,427.491694597552,585.4053583905555,800,1150,1750,2400,3300,3300,3850,3850,103.86656654962675,109.39281013545862,0.055,0.055,0.04,150,90,0.010559999999999986
ahkm2,0.205,0.10987999999999998,412.99983836340374,606.6550041518364,800,1150,1750,2400,3300,3300,3850,3850,99.02580063392186,104.52309514052571,0.055,0.055,0.04,150,90,0.019799999999999984
ahkm2,0.205,0.10704,298.46960353428705,600.0384150829306,800,1150,1750,2400,3300,3300,3850,3850,99.79592846189622,106.61537419128926,0.055,0.055,0.04,150,90,0.009950000000000014
ahkm2,0.205,0.12863999999999998,443.0873004598585,645.3965167218832,800,1150,1750,2400,3300,3300,3850,3850,96.10021819617718,108.73869007243489,0.055,0.055,0.04,150,90,0.03852999999999998
ahpf1,0.205,0.09545999999999999,535.9442512959052,685.5887853522291,800,1150,1750,2400,3300,3300,3850,3850,179.19443201542856,160.71418910348666,0.055,0.055,0.04,150,90,0.01841000000000001
ahpf1,0.205,0.09886,540.2558862361462,754.1719411544263,800,1150,1750,2400,3300,3300,3850,3850,185.30917590719108,192.4397111556395,0.055,0.055,0.04,150,90,0.019529999999999992
ahpf1,0.205,0.08062,606.9285127496453,648.704765035514,800,1150,1750,2400,3300,3300,3850,3850,178.96341382765587,181.40002438180622,0.055,0.055,0.04,150,90,0.011109999999999981
ahpm1,0.205,0.14344,542.2811720350527,639.1522483344347,800,1150,1750,2400,3300,3300,3850,3850,106.64907549820018,117.29087205333502,0.055,0.055,0.04,150,90,0
ahpm1,0.205,0.14542,576.0462432309221,610.1577237949093,800,1150,1750,2400,3300,3300,3850,3850,108.73502963377263,113.53545866508696,0.055,0.055,0.04,150,90,0.02088000000000001
ahpm1,0.205,0.15827999999999998,575.0606936280569,602.1018723781885,800,1150,1750,2400,3300,3300,3850,3850,106.54360899616417,111.9615149338532,0.055,0.055,0.04,150,90,0.009479999999999988
ahpm2,0.205,0.12859,554.6440305629679,650.6706108021568,800,1150,1750,2400,3300,3300,3850,3850,100.26825069122883,103.94019480876416,0.055,0.055,0.04,150,90,0.019209999999999977
ahpm2,0.205,0.14844999999999997,524.5078611118319,631.3943949945832,800,1150,1750,2400,3300,3300,3850,3850,97.39641926925289,106.00252993407227,0.055,0.055,0.04,150,90,0.019699999999999995
ahpm2,0.205,0.15120000000000003,582.3064984748689,658.3168599767255,800,1150,1750,2400,3300,3300,3850,3850,101.89352279826629,106.43026736551842,0.055,0.055,0.04,150,90,0
ahtf1,0.205,0.11378999999999997,666.8365133545869,811.0882700315988,800,1150,1750,2400,3300,3300,3850,3850,176.21850506758886,181.75443029791344,0.055,0.055,0.04,150,90,0
ahtf1,0.205,0.13410999999999998,638.027803075695,868.1878265757123,800,1150,1750,2400,3300,3300,3850,3850,183.08543483153207,186.81449298193792,0.055,0.055,0.04,150,90,0.00814999999999999
ahtf1,0.205,0.12068000000000001,578.1398459836645,812.873823536591,800,1150,1750,2400,3300,3300,3850,3850,180.7333477694743,183.37991442384734,0.055,0.055,0.04,150,90,0.016699999999999993
ahtm1,0.205,0.11476,461.0200711232946,588.0843938096584,800,1150,1750,2400,3300,3300,3850,3850,113.57179408361857,115.7661835189599,0.055,0.055,0.04,150,90,0.011049999999999977
ahtm1,0.205,0.12992,547.3557436741098,607.9106405499771,800,1150,1750,2400,3300,3300,3850,3850,110.2079420587504,115.62794253630634,0.055,0.055,0.04,150,90,0
ahtm1,0.205,0.12757,473.7364680456655,572.7369898368539,800,1150,1750,2400,3300,3300,3850,3850,104.9963628762355,110.33647417852387,0.055,0.055,0.04,150,90,0
ahtm2,0.205,0.12926,447.7172396029761,600.9063686615018,800,1150,1750,2400,3300,3300,3850,3850,100.06180743364934,102.41968665420742,0.055,0.055,0.04,150,90,0.023570000000000008
ahtm2,0.205,0.15094,487.5596995370796,662.0443730090662,800,1150,1750,2400,3300,3300,3850,3850,105.22441793530517,110.01892095395236,0.055,0.055,0.04,150,90,0.02990000000000001
ahtm2,0.205,0.16578999999999997,471.6528785672609,628.7036436544255,800,1150,1750,2400,3300,3300,3850,3850,103.84448429945579,108.13194375847046,0.055,0.055,0.04,150,90,0.0348
ehkf1,0.205,0.08848999999999999,541.9737402807353,668.5899723659528,800,1150,1750,2400,3300,3300,3850,3850,183.2955143993393,191.52598229747898,0.055,0.055,0.04,150,90,0.00985999999999998
ehkf1,0.205,0.09434000000000001,414.5340269396605,535.1123299473139,800,1150,1750,2400,3300,3300,3850,3850,192.91172334127359,194.69057253297692,0.055,0.055,0.04,150,90,0
ehkf1,0.205,0.08842000000000003,483.6439489440646,586.1441303218,800,1150,1750,2400,3300,3300,3850,3850,182.42774695521194,186.77149113547668,0.055,0.055,0.04,150,90,0
ehkm1,0.205,0.12043999999999999,448.9085574764786,515.6648348692818,800,1150,1750,2400,3300,3300,3850,3850,105.31002154273234,113.095324612937,0.055,0.055,0.04,150,90,0.010929999999999995
ehkm1,0.205,0.11408000000000001,465.2622016421099,544.340863659031,800,1150,1750,2400,3300,3300,3850,3850,110.49739153383804,115.65851744922934,0.055,0.055,0.04,150,90,0.02793000000000001
ehkm1,0.205,0.11154,327.96463958589015,503.5930812819171,800,1150,1750,2400,3300,3300,3850,3850,100.89089051875253,107.23609290491228,0.055,0.055,0.04,150,90,0.02706
ehkm2,0.205,0.10462000000000002,271.1887261303451,562.298298151729,800,1150,1750,2400,3300,3300,3850,3850,97.94534572210986,104.62745575782357,0.055,0.055,0.04,150,90,0.021350000000000008
ehkm2,0.205,0.09486,282.18302627099513,598.4052149251638,800,1150,1750,2400,3300,3300,3850,3850,103.45725998385468,104.90956017922271,0.055,0.055,0.04,150,90,0.017830000000000013
ehkm2,0.205,0.13493,522.3653534066619,594.658129977261,800,1150,1750,2400,3300,3300,3850,3850,95.92735541804933,102.80549766681928,0.055,0.055,0.04,150,90,0.012530000000000013
ehpf1,0.205,0.09756999999999999,568.3394352183885,650.6104429909941,800,1150,1750,2400,3300,3300,3850,3850,186.4028221097962,159.59411045119623,0.055,0.055,0.04,150,90,0.01557
ehpf1,0.205,0.11157,618.1991124720475,706.213578529241,800,1150,1750,2400,3300,3300,3850,3850,191.86870178369222,195.45468688535092,0.055,0.055,0.04,150,90,0.013800000000000007
ehpf1,0.205,0.09668000000000002,576.9261733524824,644.7502927193462,800,1150,1750,2400,3300,3300,3850,3850,183.77476716049432,187.8824368673206,0.055,0.055,0.04,150,90,0.01200000000000001
ehpm1,0.205,0.12624,504.5313663231137,496.7449024604595,800,1150,1750,2400,3300,3300,3850,3850,113.93961905408635,118.33719998752113,0.055,0.055,0.04,150,90,0.027700000000000002
ehpm1,0.205,0.13871,477.2399189283764,534.7440565799928,800,1150,1750,2400,3300,3300,3850,3850,109.30677386530722,116.19911587488981,0.055,0.055,0.04,150,90,0.018339999999999995
ehpm1,0.205,0.12922999999999996,434.8402474906304,482.6239125992235,800,1150,1750,2400,3300,3300,3850,3850,92.0290345517817,113.16957694572334,0.055,0.055,0.04,150,90,0.02085999999999999
ehpm2,0.205,0.13598999999999997,591.4460429863797,581.5273343228272,800,1150,1750,2400,3300,3300,3850,3850,107.23250958962862,112.05878489471492,0.055,0.055,0.04,150,90,0.03187999999999999
ehpm2,0.205,0.13044,562.8345238048214,590.4587339830351,800,1150,1750,2400,3300,3300,3850,3850,111.77441558267276,115.47570874819998,0.055,0.055,0.04,150,90,0
ehpm2,0.205,0.14903999999999998,594.5550848776205,621.7543653852001,800,1150,1750,2400,3300,3300,3850,3850,104.57543875976161,107.92732306271101,0.055,0.055,0.04,150,90,0
ehtf1,0.205,0.08759,540.3539769069463,577.630969619571,800,1150,1750,2400,3300,3300,3850,3850,185.49320079797545,188.89254648381453,0.055,0.055,0.04,150,90,0
ehtf1,0.205,0.09184999999999999,594.925278839149,585.5273853230808,800,1150,1750,2400,3300,3300,3850,3850,194.8073519733345,197.7868061210633,0.055,0.055,0.04,150,90,0.004590000000000011
ehtf1,0.205,0.10244999999999999,544.3020232730032,590.9458540815057,800,1150,1750,2400,3300,3300,3850,3850,189.34798240410518,180.76000334314585,0.055,0.055,0.04,150,90,0.010239999999999999
ehtm1,0.205,0.11926,440.29271765181716,504.9753549477613,800,1150,1750,2400,3300,3300,3850,3850,107.2574840548168,116.00844675818813,0.055,0.055,0.04,150,90,0.007800000000000001
ehtm1,0.205,0.12409,462.53175415714617,519.9120407345263,800,1150,1750,2400,3300,3300,3850,3850,107.2072407304064,117.40658351734203,0.055,0.055,0.04,150,90,0.01715
ehtm1,0.205,0.12384999999999999,426.7257827403591,500.3549928120415,800,1150,1750,2400,3300,3300,3850,3850,100.07794967897944,107.96365994416162,0.055,0.055,0.04,150,90,0.03877999999999998
ehtm2,0.205,0.12068000000000004,443.1004264568224,568.4003324387903,800,1150,1750,2400,3300,3300,3850,3850,104.29868216942835,106.51928272493672,0.055,0.055,0.04,150,90,0.021110000000000018
ehtm2,0.205,0.12440999999999997,473.7471928395016,598.5167108289484,800,1150,1750,2400,3300,3300,3850,3850,98.769664417023,107.90416703124892,0.055,0.055,0.04,150,90,0.01033999999999996
ehtm2,0.205,0.12814,442.2811315596635,560.3791070795709,800,1150,1750,2400,3300,3300,3850,3850,108.42293617352333,105.25842235035098,0.055,0.055,0.04,150,90,0.01688999999999999
iykf1,0.205,0.09142000000000002,319.4818381679344,332.82461479350394,800,1150,1750,2400,3300,3300,3850,3850,188.00952477863106,192.74105261272763,0.055,0.055,0.04,150,90,0.016960000000000003
iykf1,0.205,0.06473000000000001,335.2580262255516,345.7657812320696,800,1150,1750,2400,3300,3300,3850,3850,190.18494577169898,199.12272426476557,0.055,0.055,0.04,150,90,0
iykf1,0.205,0.08243,330.5160781829458,348.5456419415714,800,1150,1750,2400,3300,3300,3850,3850,185.82642187525704,189.14825922196243,0.055,0.055,0.04,150,90,0.48621000000000003
iykm1,0.205,0.09755,245.3521479215626,256.23508162257144,800,1150,1750,2400,3300,3300,3850,3850,112.59428833296401,117.41959864233868,0.055,0.055,0.04,150,90,0.02074999999999999
iykm1,0.205,0.10048000000000001,253.6230780693613,278.16585002483464,800,1150,1750,2400,3300,3300,3850,3850,109.49510128402223,116.61220113958497,0.055,0.055,0.04,150,90,0.020049999999999985
iykm1,0.205,0.09749999999999998,218.59209921639788,241.60044557287208,800,1150,1750,2400,3300,3300,3850,3850,102.69535389032586,108.81619295588045,0.055,0.055,0.04,150,90,0.03977999999999998
iykm2,0.205,0.10929,222.41708857092797,247.2152257380323,800,1150,1750,2400,3300,3300,3850,3850,100.81388906744753,112.57850323404146,0.055,0.055,0.04,150,90,0.06755
iykm2,0.205,0.08472000000000002,236.22164012922988,251.66005846484808,800,1150,1750,2400,3300,3300,3850,3850,107.01359055802355,118.27363186343229,0.055,0.055,0.04,150,90,0.044310000000000016
iykm2,0.205,0.10120000000000004,218.32642886704375,242.22101242985786,800,1150,1750,2400,3300,3300,3850,3850,98.72822915949612,111.45624106616582,0.055,0.055,0.04,150,90,0.03657000000000002
iypf1,0.205,0.09018999999999999,334.3718120206396,344.30755491757213,800,1150,1750,2400,3300,3300,3850,3850,201.60003018000452,203.72226570781132,0.055,0.055,0.04,150,90,0.017820000000000003
iypf1,0.205,0.07858000000000001,299.68627475851235,343.7173817082607,800,1150,1750,2400,3300,3300,3850,3850,202.52171215593242,204.67415914195453,0.055,0.055,0.04,150,90,0.00607000000000002
iypf1,0.205,0.08112,328.82711281212164,326.03443756003946,800,1150,1750,2400,3300,3300,3850,3850,195.29215656328756,197.38433661526153,0.055,0.055,0.04,150,90,0.013279999999999986
iypm1,0.205,0.10833999999999996,262.8624273129692,288.04763528338276,800,1150,1750,2400,3300,3300,3850,3850,113.50777770310646,127.60368261804588,0.055,0.055,0.04,150,90,0.027109999999999995
iypm1,0.205,0.11748,280.89184119818634,282.95037735832005,800,1150,1750,2400,3300,3300,3850,3850,115.23742518984668,122.0929529249778,0.055,0.055,0.04,150,90,0.03542000000000001
iypm1,0.205,0.11509999999999998,223.2650151119946,257.05885863311613,800,1150,1750,2400,3300,3300,3850,3850,102.32743161200484,117.18873020235736,0.055,0.055,0.04,150,90,0.037250000000000005
iypm2,0.205,0.09739,253.40885932219427,250.3502058407448,800,1150,1750,2400,3300,3300,3850,3850,103.49174593269738,116.30123355063665,0.055,0.055,0.04,150,90,0.04816000000000001
iypm2,0.205,0.12115999999999999,255.2502583254236,258.2636106004593,800,1150,1750,2400,3300,3300,3850,3850,107.80218498303744,116.61193382552332,0.055,0.055,0.04,150,90,0.07579000000000002
iypm2,0.205,0.11182999999999998,243.04417192434659,246.69644367503471,800,1150,1750,2400,3300,3300,3850,3850,103.25461539862384,113.1950562407818,0.055,0.055,0.04,150,90,0.07084999999999997
iytf1,0.205,0.07711000000000001,315.06334806745207,321.62226401018853,800,1150,1750,2400,3300,3300,3850,3850,190.1922221252234,196.98124744236586,0.055,0.055,0.04,150,90,0.02182999999999999
iytf1,0.205,0.06317,322.3572582610543,349.9520662981562,800,1150,1750,2400,3300,3300,3850,3850,190.48041866957453,199.32646131031163,0.055,0.055,0.04,150,90,0.012330000000000008
iytf1,0.205,0.061079999999999995,304.7437823399926,328.00038644154245,800,1150,1750,2400,3300,3300,3850,3850,188.41100247198392,196.18350968180556,0.055,0.055,0.04,150,90,0.00581000000000001
iytm1,0.205,0.11044999999999999,244.86698412483463,257.0622054230307,800,1150,1750,2400,3300,3300,3850,3850,105.60989100336312,115.44504008832254,0.055,0.055,0.04,150,90,0.03810000000000002
iytm1,0.205,0.11421999999999999,263.5654233741704,281.75409078286117,800,1150,1750,2400,3300,3300,3850,3850,108.16007949009943,116.52808011480943,0.055,0.055,0.04,150,90,0.05359
iytm1,0.205,0.12168000000000001,220.59335461002541,244.93884372616643,800,1150,1750,2400,3300,3300,3850,3850,100.26041985124415,110.92144824318561,0.055,0.055,0.04,150,90,0.06825999999999999
iytm2,0.205,0.06849999999999998,1542.5155517812343,244.78027186747505,800,1150,1750,2400,3300,3300,3850,3850,95.69369437954335,111.01855756056001,0.055,0.055,0.04,150,90,0
iytm2,0.205,0.09483999999999998,231.52235100211945,250.96699682635835,800,1150,1750,2400,3300,3300,3850,3850,100.2869717353197,114.98436218134509,0.055,0.055,0.04,150,90,0.037949999999999984
iytm2,0.205,0.10550999999999999,224.44686724636296,241.80578764532757,800,1150,1750,2400,3300,3300,3850,3850,98.52319104396513,109.75485201992669,0.055,0.055,0.04,150,90,0.06730000000000003
owkf1,0.205,0.10088999999999998,362.15086637068134,498.4174870719256,800,1150,1750,2400,3300,3300,3850,3850,182.6486667557685,187.21243117557904,0.055,0.055,0.04,150,90,0.005449999999999983
owkf1,0.205,0.07972000000000001,265.9905170658942,558.713779201361,800,1150,1750,2400,3300,3300,3850,3850,188.41893617725884,192.00459395605378,0.055,0.055,0.04,150,90,0.0062500000000000056
owkf1,0.205,0.09004999999999999,327.75165333632356,488.4642029730678,800,1150,1750,2400,3300,3300,3850,3850,182.37266477173395,183.3285284461875,0.055,0.055,0.04,150,90,0.010919999999999985
owkm1,0.205,0.09920999999999999,331.4393940309137,503.3065176683939,800,1150,1750,2400,3300,3300,3850,3850,103.1967414422059,106.2152497914477,0.055,0.055,0.04,150,90,0.039089999999999986
owkm1,0.205,0.08742,287.2601201769228,472.48702752917734,800,1150,1750,2400,3300,3300,3850,3850,105.09076808551342,110.42699592616957,0.055,0.055,0.04,150,90,0.020290000000000002
owkm1,0.205,0.10829999999999998,260.51949471223566,450.11911434494726,800,1150,1750,2400,3300,3300,3850,3850,100.45581041867283,105.73331205473599,0.055,0.055,0.04,150,90,0.02126
owkm2,0.205,0.09810000000000002,331.08986983700737,474.33182915715565,800,1150,1750,2400,3300,3300,3850,3850,96.26705849302847,103.94489867909647,0.055,0.055,0.04,150,90,0.028950000000000004
owkm2,0.205,0.09212000000000001,313.1036817675311,459.35082927190257,800,1150,1750,2400,3300,3300,3850,3850,97.07083042240033,109.5970966976018,0.055,0.055,0.04,150,90,0.02125000000000002
owkm2,0.205,0.08398000000000003,310.1220087422984,430.26842082108084,800,1150,1750,2400,3300,3300,3850,3850,95.6852978026599,104.63258651792513,0.055,0.055,0.04,150,90,0.02063000000000001
owpf1,0.205,0.09447,429.47705341988296,539.9458697318559,800,1150,1750,2400,3300,3300,3850,3850,181.82914865628138,187.49212442551377,0.055,0.055,0.04,150,90,0.022909999999999986
owpf1,0.205,0.08193,416.73426076879656,543.0462360158705,800,1150,1750,2400,3300,3300,3850,3850,186.00643263777,192.20529529197992,0.055,0.055,0.04,150,90,0.0062399999999999956
owpf1,0.205,0.08380000000000001,384.0601045670113,511.342830497913,800,1150,1750,2400,3300,3300,3850,3850,180.65795080395668,183.05227066469283,0.055,0.055,0.04,150,90,0.019470000000000015
owpm1,0.205,0.10957999999999996,495.486427438341,473.7705265675601,800,1150,1750,2400,3300,3300,3850,3850,110.20092380935685,114.97190672565026,0.055,0.055,0.04,150,90,0.03130999999999995
owpm1,0.205,0.1061,430.66102117736915,480.0059223837901,800,1150,1750,2400,3300,3300,3850,3850,108.92375405456109,114.08901223628322,0.055,0.055,0.04,150,90,0.018730000000000024
owpm1,0.205,0.10575000000000001,416.050027941776,498.909481858045,800,1150,1750,2400,3300,3300,3850,3850,104.08853880237402,108.6373794239809,0.055,0.055,0.04,150,90,0.059350000000000014
owpm2,0.205,0.10212000000000002,369.0420673297719,567.6471184048848,800,1150,1750,2400,3300,3300,3850,3850,99.88402823697342,107.39689183943105,0.055,0.055,0.04,150,90,0.03291000000000002
owpm2,0.205,0.11170000000000002,429.18138931871533,526.386924116095,800,1150,1750,2400,3300,3300,3850,3850,103.04206339829447,110.56950614523254,0.055,0.055,0.04,150,90,0.04476000000000002
owpm2,0.205,0.09829999999999997,339.0794809590268,493.7412497584711,800,1150,1750,2400,3300,3300,3850,3850,89.46259433658685,105.40176089181402,0.055,0.055,0.04,150,90,0.022040000000000004
owtf1,0.205,0.07833000000000001,305.51222280509654,478.18453769003355,800,1150,1750,2400,3300,3300,3850,3850,186.88277626326123,182.1577472093578,0.055,0.055,0.04,150,90,0.02250000000000002
owtf1,0.205,0.10647000000000001,455.11991023249465,514.547497359882,800,1150,1750,2400,3300,3300,3850,3850,193.97425356582514,193.834537709935,0.055,0.055,0.04,150,90,0.01482
owtf1,0.205,0.09301999999999999,343.9037822301861,413.60624770760063,800,1150,1750,2400,3300,3300,3850,3850,186.72202553434414,185.07477148768925,0.055,0.055,0.04,150,90,0.010929999999999995
owtm1,0.205,0.09357999999999997,326.7741973426401,445.58276013145604,800,1150,1750,2400,3300,3300,3850,3850,104.47536728900046,111.31407897408235,0.055,0.055,0.04,150,90,0
owtm1,0.205,0.08404999999999999,289.52340372991404,446.37330277136635,800,1150,1750,2400,3300,3300,3850,3850,105.29354115858179,110.75976165363394,0.055,0.055,0.04,150,90,0.020189999999999986
owtm1,0.205,0.07872000000000001,309.871229443021,452.62963409627616,800,1150,1750,2400,3300,3300,3850,3850,101.01071880666872,106.54527695185237,0.055,0.055,0.04,150,90,0.031200000000000006
owtm2,0.205,0.10829999999999998,329.77696265814416,455.09079233100573,800,1150,1750,2400,3300,3300,3850,3850,107.70511304326848,104.18362128331887,0.055,0.055,0.04,150,90,0.033030000000000004
owtm2,0.205,0.11015,328.46989055408227,448.6484220744994,800,1150,1750,2400,3300,3300,3850,3850,96.49943086516035,109.3168300507483,0.055,0.055,0.04,150,90,0.02010999999999999
owtm2,0.205,0.09585000000000002,320.2813669361381,465.1274669141821,800,1150,1750,2400,3300,3300,3850,3850,101.52414194919656,103.43292222368392,0.055,0.055,0.04,150,90,0.03125
uwkf1,0.205,0.10406999999999997,349.24281643657645,378.752418159316,800,1150,1750,2400,3300,3300,3850,3850,183.5377239633396,191.6328293005812,0.055,0.055,0.04,150,90,0.016600000000000004
uwkf1,0.205,0.09521000000000002,351.2602938396138,375.3947941772635,800,1150,1750,2400,3300,3300,3850,3850,194.20656447626584,201.4695932471558,0.055,0.055,0.04,150,90,0.010940000000000005
uwkf1,0.205,0.08191999999999999,312.45446649150784,365.746606243995,800,1150,1750,2400,3300,3300,3850,3850,182.9501268588095,195.87689891925677,0.055,0.055,0.04,150,90,0.011140000000000011
uwkm1,0.205,0.10349,202.5428342307959,268.268863310176,800,1150,1750,2400,3300,3300,3850,3850,95.57444417431377,106.37158041581807,0.055,0.055,0.04,150,90,0.037720000000000004
uwkm1,0.205,0.09136999999999998,243.12480821898558,303.0971225680557,800,1150,1750,2400,3300,3300,3850,3850,104.05251866823772,112.08310342245271,0.055,0.055,0.04,150,90,0.038349999999999995
uwkm1,0.205,0.08672999999999997,293.4927371722385,285.54842523212653,800,1150,1750,2400,3300,3300,3850,3850,97.4388787389756,104.9166626611952,0.055,0.055,0.04,150,90,0.04654999999999998
uwkm2,0.205,0.10374,241.08514232487946,288.487411740475,800,1150,1750,2400,3300,3300,3850,3850,98.14430174308949,107.37362047647657,0.055,0.055,0.04,150,90,0.02012
uwkm2,0.205,0.11730000000000002,194.59997295301082,315.9825374166942,800,1150,1750,2400,3300,3300,3850,3850,104.29234299664046,109.5335067373501,0.055,0.055,0.04,150,90,0.01916000000000001
uwkm2,0.205,0.16063000000000005,266.34466114307133,293.31932232353495,800,1150,1750,2400,3300,3300,3850,3850,92.72327902683412,104.04025121401973,0.055,0.055,0.04,150,90,0.06939000000000001
uwpf1,0.205,0.09097,307.2738525694054,348.0385132255663,800,1150,1750,2400,3300,3300,3850,3850,183.3431647318488,189.80398105350872,0.055,0.055,0.04,150,90,0.01838999999999999
uwpf1,0.205,0.08976,337.09910152114753,375.53522634930374,800,1150,1750,2400,3300,3300,3850,3850,187.12720470884943,198.4123874291531,0.055,0.055,0.04,150,90,0.015110000000000012
uwpf1,0.205,0.07218,326.17292769128505,355.1601566484132,800,1150,1750,2400,3300,3300,3850,3850,183.3641416296148,189.2190092812119,0.055,0.055,0.04,150,90,0.012229999999999991
uwpm1,0.205,0.13935000000000003,218.4828271118301,308.3671333046416,800,1150,1750,2400,3300,3300,3850,3850,105.33688775158706,120.82307895419193,0.055,0.055,0.04,150,90,0.020479999999999998
uwpm1,0.205,0.14479999999999998,255.1577924109758,313.1088581185495,800,1150,1750,2400,3300,3300,3850,3850,107.34110046689943,118.16571142037783,0.055,0.055,0.04,150,90,0.008449999999999985
uwpm1,0.205,0.12358,214.26420014665507,310.62100354902356,800,1150,1750,2400,3300,3300,3850,3850,98.76200350324267,108.44415459557405,0.055,0.055,0.04,150,90,0.040429999999999994
uwpm2,0.205,0.10640000000000002,272.2563787124283,288.75270638493095,800,1150,1750,2400,3300,3300,3850,3850,102.73041760018783,112.80945501682368,0.055,0.055,0.04,150,90,0.03946000000000002
uwpm2,0.205,0.11421999999999999,242.00484195186206,304.80927916460587,800,1150,1750,2400,3300,3300,3850,3850,99.08681073058314,114.11481818028467,0.055,0.055,0.04,150,90,0.01976
uwpm2,0.205,0.08681,221.86331210594196,357.137976558052,800,1150,1750,2400,3300,3300,3850,3850,97.17428278172298,110.71801354581528,0.055,0.055,0.04,150,90,0.022550000000000014
uwtf1,0.205,0.08131999999999998,264.360094646973,346.6848030221604,800,1150,1750,2400,3300,3300,3850,3850,180.6211695111057,190.61543812393947,0.055,0.055,0.04,150,90,0.015970000000000012
uwtf1,0.205,0.09745999999999999,277.25385623617854,384.51564121751943,800,1150,1750,2400,3300,3300,3850,3850,185.16056265323238,198.0302928921058,0.055,0.055,0.04,150,90,0.01174
uwtf1,0.205,0.10062000000000001,323.62383600839945,357.520555918009,800,1150,1750,2400,3300,3300,3850,3850,185.99311363764264,188.56648726840982,0.055,0.055,0.04,150,90,0.01815
uwtm1,0.205,0.10123000000000001,247.26096096326035,300.9453933613545,800,1150,1750,2400,3300,3300,3850,3850,102.50820596089454,114.40129386749108,0.055,0.055,0.04,150,90,0.06859999999999997
uwtm1,0.205,0.08861000000000002,216.40883687426862,302.46152260748306,800,1150,1750,2400,3300,3300,3850,3850,106.80005270726221,118.21707869943239,0.055,0.055,0.04,150,90,0.04756000000000002
uwtm1,0.205,0.09372000000000003,224.8111917565045,278.0637380402947,800,1150,1750,2400,3300,3300,3850,3850,99.98253357787672,106.6004139361827,0.055,0.055,0.04,150,90,0.020779999999999993
uwtm2,0.205,0.11351,1095.7500726142446,300.3840008080034,800,1150,1750,2400,3300,3300,3850,3850,99.04094526330445,110.82167196986187,0.055,0.055,0.04,150,90,0.016359999999999986
uwtm2,0.205,0.12259,246.63679605179348,301.13551527613146,800,1150,1750,2400,3300,3300,3850,3850,101.39137868644559,113.5780929719663,0.055,0.055,0.04,150,90,0.05811999999999998
uwtm2,0.205,0.13379999999999997,247.58178462223864,277.56702828303736,800,1150,1750,2400,3300,3300,3850,3850,103.22772901580204,108.51576940767957,0.055,0.055,0.04,150,90,0.02701999999999999
